id;date;cost;reason;target
0;2023-11-01;3000.0;Salary;DE5557012136312928416594
1;2023-10-01;3000.0;Salary;DE5557012136312928416594
2;2023-09-01;3000.0;Salary;DE5557012136312928416594
3;2023-08-01;3000.0;Salary;DE5557012136312928416594
4;2023-07-01;3000.0;Salary;DE5557012136312928416594
5;2023-06-01;3000.0;Salary;DE5557012136312928416594
6;2023-05-01;3000.0;Salary;DE5557012136312928416594
7;2023-04-01;3000.0;Salary;DE5557012136312928416594
8;2023-03-01;3000.0;Salary;DE5557012136312928416594
9;2023-02-01;3000.0;Salary;DE5557012136312928416594
10;2023-01-01;3000.0;Salary;DE5557012136312928416594
11;2022-12-01;3000.0;Salary;DE5557012136312928416594
12;2022-11-01;3000.0;Salary;DE5557012136312928416594
13;2022-10-01;3000.0;Salary;DE5557012136312928416594
14;2022-09-01;3000.0;Salary;DE5557012136312928416594
15;2022-08-01;3000.0;Salary;DE5557012136312928416594
16;2022-07-01;3000.0;Salary;DE5557012136312928416594
17;2022-06-01;3000.0;Salary;DE5557012136312928416594
18;2022-05-01;3000.0;Salary;DE5557012136312928416594
19;2022-04-01;3000.0;Salary;DE5557012136312928416594
20;2022-03-01;3000.0;Salary;DE5557012136312928416594
21;2022-02-01;3000.0;Salary;DE5557012136312928416594
22;2022-01-01;3000.0;Salary;DE5557012136312928416594
23;2021-12-01;3000.0;Salary;DE5557012136312928416594
24;2021-11-01;3000.0;Salary;DE5557012136312928416594
25;2021-10-01;3000.0;Salary;DE5557012136312928416594
26;2021-09-01;3000.0;Salary;DE5557012136312928416594
27;2021-08-01;3000.0;Salary;DE5557012136312928416594
28;2021-07-01;3000.0;Salary;DE5557012136312928416594
29;2021-06-01;3000.0;Salary;DE5557012136312928416594
30;2021-05-01;3000.0;Salary;DE5557012136312928416594
31;2021-04-01;3000.0;Salary;DE5557012136312928416594
32;2021-03-01;3000.0;Salary;DE5557012136312928416594
33;2021-02-01;3000.0;Salary;DE5557012136312928416594
34;2021-01-01;3000.0;Salary;DE5557012136312928416594
35;2020-12-01;3000.0;Salary;DE5557012136312928416594
36;2020-11-01;3000.0;Salary;DE5557012136312928416594
37;2020-10-01;3000.0;Salary;DE5557012136312928416594
38;2020-09-01;3000.0;Salary;DE5557012136312928416594
39;2020-08-01;3000.0;Salary;DE5557012136312928416594
40;2020-07-01;3000.0;Salary;DE5557012136312928416594
41;2020-06-01;3000.0;Salary;DE5557012136312928416594
42;2020-05-01;3000.0;Salary;DE5557012136312928416594
43;2020-04-01;3000.0;Salary;DE5557012136312928416594
44;2020-03-01;3000.0;Salary;DE5557012136312928416594
45;2020-02-01;3000.0;Salary;DE5557012136312928416594
46;2020-01-01;3000.0;Salary;DE5557012136312928416594
47;2019-12-01;3000.0;Salary;DE5557012136312928416594
48;2019-11-01;3000.0;Salary;DE5557012136312928416594
49;2019-10-01;3000.0;Salary;DE5557012136312928416594
50;2019-09-01;3000.0;Salary;DE5557012136312928416594
51;2019-08-01;3000.0;Salary;DE5557012136312928416594
52;2019-07-01;3000.0;Salary;DE5557012136312928416594
53;2019-06-01;3000.0;Salary;DE5557012136312928416594
54;2019-05-01;3000.0;Salary;DE5557012136312928416594
55;2019-04-01;3000.0;Salary;DE5557012136312928416594
56;2019-03-01;3000.0;Salary;DE5557012136312928416594
57;2019-02-01;3000.0;Salary;DE5557012136312928416594
58;2019-01-01;3000.0;Salary;DE5557012136312928416594
59;2018-12-01;3000.0;Salary;DE5557012136312928416594
60;2018-11-01;3000.0;Salary;DE5557012136312928416594
61;2018-10-01;3000.0;Salary;DE5557012136312928416594
62;2018-09-01;3000.0;Salary;DE5557012136312928416594
63;2018-08-01;3000.0;Salary;DE5557012136312928416594
64;2018-07-01;3000.0;Salary;DE5557012136312928416594
65;2018-06-01;3000.0;Salary;DE5557012136312928416594
66;2018-05-01;3000.0;Salary;DE5557012136312928416594
67;2018-04-01;3000.0;Salary;DE5557012136312928416594
68;2018-03-01;3000.0;Salary;DE5557012136312928416594
69;2018-02-01;3000.0;Salary;DE5557012136312928416594
70;2018-01-01;3000.0;Salary;DE5557012136312928416594
71;2017-12-01;3000.0;Salary;DE5557012136312928416594
72;2023-11-01;5066.666666666667;Salary;DE9530454711788421971686
73;2023-10-01;5066.666666666667;Salary;DE9530454711788421971686
74;2023-09-01;5066.666666666667;Salary;DE9530454711788421971686
75;2023-08-01;5066.666666666667;Salary;DE9530454711788421971686
76;2023-07-01;5066.666666666667;Salary;DE9530454711788421971686
77;2023-06-01;5066.666666666667;Salary;DE9530454711788421971686
78;2023-05-01;5066.666666666667;Salary;DE9530454711788421971686
79;2023-04-01;5066.666666666667;Salary;DE9530454711788421971686
80;2023-03-01;5066.666666666667;Salary;DE9530454711788421971686
81;2023-02-01;5066.666666666667;Salary;DE9530454711788421971686
82;2023-01-01;5066.666666666667;Salary;DE9530454711788421971686
83;2022-12-01;5066.666666666667;Salary;DE9530454711788421971686
84;2022-11-01;5066.666666666667;Salary;DE9530454711788421971686
85;2022-10-01;5066.666666666667;Salary;DE9530454711788421971686
86;2022-09-01;5066.666666666667;Salary;DE9530454711788421971686
87;2022-08-01;5066.666666666667;Salary;DE9530454711788421971686
88;2022-07-01;5066.666666666667;Salary;DE9530454711788421971686
89;2022-06-01;5066.666666666667;Salary;DE9530454711788421971686
90;2022-05-01;5066.666666666667;Salary;DE9530454711788421971686
91;2022-04-01;5066.666666666667;Salary;DE9530454711788421971686
92;2022-03-01;5066.666666666667;Salary;DE9530454711788421971686
93;2022-02-01;5066.666666666667;Salary;DE9530454711788421971686
94;2022-01-01;5066.666666666667;Salary;DE9530454711788421971686
95;2021-12-01;5066.666666666667;Salary;DE9530454711788421971686
96;2021-11-01;5066.666666666667;Salary;DE9530454711788421971686
97;2021-10-01;5066.666666666667;Salary;DE9530454711788421971686
98;2021-09-01;5066.666666666667;Salary;DE9530454711788421971686
99;2021-08-01;5066.666666666667;Salary;DE9530454711788421971686
100;2021-07-01;5066.666666666667;Salary;DE9530454711788421971686
101;2021-06-01;5066.666666666667;Salary;DE9530454711788421971686
102;2021-05-01;5066.666666666667;Salary;DE9530454711788421971686
103;2021-04-01;5066.666666666667;Salary;DE9530454711788421971686
104;2021-03-01;5066.666666666667;Salary;DE9530454711788421971686
105;2021-02-01;5066.666666666667;Salary;DE9530454711788421971686
106;2021-01-01;5066.666666666667;Salary;DE9530454711788421971686
107;2020-12-01;5066.666666666667;Salary;DE9530454711788421971686
108;2020-11-01;5066.666666666667;Salary;DE9530454711788421971686
109;2020-10-01;5066.666666666667;Salary;DE9530454711788421971686
110;2020-09-01;5066.666666666667;Salary;DE9530454711788421971686
111;2020-08-01;5066.666666666667;Salary;DE9530454711788421971686
112;2020-07-01;5066.666666666667;Salary;DE9530454711788421971686
113;2020-06-01;5066.666666666667;Salary;DE9530454711788421971686
114;2020-05-01;5066.666666666667;Salary;DE9530454711788421971686
115;2020-04-01;5066.666666666667;Salary;DE9530454711788421971686
116;2020-03-01;5066.666666666667;Salary;DE9530454711788421971686
117;2020-02-01;5066.666666666667;Salary;DE9530454711788421971686
118;2020-01-01;5066.666666666667;Salary;DE9530454711788421971686
119;2019-12-01;5066.666666666667;Salary;DE9530454711788421971686
120;2019-11-01;5066.666666666667;Salary;DE9530454711788421971686
121;2019-10-01;5066.666666666667;Salary;DE9530454711788421971686
122;2019-09-01;5066.666666666667;Salary;DE9530454711788421971686
123;2019-08-01;5066.666666666667;Salary;DE9530454711788421971686
124;2019-07-01;5066.666666666667;Salary;DE9530454711788421971686
125;2019-06-01;5066.666666666667;Salary;DE9530454711788421971686
126;2019-05-01;5066.666666666667;Salary;DE9530454711788421971686
127;2019-04-01;5066.666666666667;Salary;DE9530454711788421971686
128;2019-03-01;5066.666666666667;Salary;DE9530454711788421971686
129;2019-02-01;5066.666666666667;Salary;DE9530454711788421971686
130;2019-01-01;5066.666666666667;Salary;DE9530454711788421971686
131;2018-12-01;5066.666666666667;Salary;DE9530454711788421971686
132;2018-11-01;5066.666666666667;Salary;DE9530454711788421971686
133;2018-10-01;5066.666666666667;Salary;DE9530454711788421971686
134;2018-09-01;5066.666666666667;Salary;DE9530454711788421971686
135;2018-08-01;5066.666666666667;Salary;DE9530454711788421971686
136;2018-07-01;5066.666666666667;Salary;DE9530454711788421971686
137;2018-06-01;5066.666666666667;Salary;DE9530454711788421971686
138;2018-05-01;5066.666666666667;Salary;DE9530454711788421971686
139;2018-04-01;5066.666666666667;Salary;DE9530454711788421971686
140;2018-03-01;5066.666666666667;Salary;DE9530454711788421971686
141;2018-02-01;5066.666666666667;Salary;DE9530454711788421971686
142;2018-01-01;5066.666666666667;Salary;DE9530454711788421971686
143;2017-12-01;5066.666666666667;Salary;DE9530454711788421971686
144;2023-11-01;3533.3333333333335;Salary;DE1214240064168770546334
145;2023-10-01;3533.3333333333335;Salary;DE1214240064168770546334
146;2023-09-01;3533.3333333333335;Salary;DE1214240064168770546334
147;2023-08-01;3533.3333333333335;Salary;DE1214240064168770546334
148;2023-07-01;3533.3333333333335;Salary;DE1214240064168770546334
149;2023-06-01;3533.3333333333335;Salary;DE1214240064168770546334
150;2023-05-01;3533.3333333333335;Salary;DE1214240064168770546334
151;2023-04-01;3533.3333333333335;Salary;DE1214240064168770546334
152;2023-03-01;3533.3333333333335;Salary;DE1214240064168770546334
153;2023-02-01;3533.3333333333335;Salary;DE1214240064168770546334
154;2023-01-01;3533.3333333333335;Salary;DE1214240064168770546334
155;2022-12-01;3533.3333333333335;Salary;DE1214240064168770546334
156;2022-11-01;3533.3333333333335;Salary;DE1214240064168770546334
157;2022-10-01;3533.3333333333335;Salary;DE1214240064168770546334
158;2022-09-01;3533.3333333333335;Salary;DE1214240064168770546334
159;2022-08-01;3533.3333333333335;Salary;DE1214240064168770546334
160;2022-07-01;3533.3333333333335;Salary;DE1214240064168770546334
161;2022-06-01;3533.3333333333335;Salary;DE1214240064168770546334
162;2022-05-01;3533.3333333333335;Salary;DE1214240064168770546334
163;2022-04-01;3533.3333333333335;Salary;DE1214240064168770546334
164;2022-03-01;3533.3333333333335;Salary;DE1214240064168770546334
165;2022-02-01;3533.3333333333335;Salary;DE1214240064168770546334
166;2022-01-01;3533.3333333333335;Salary;DE1214240064168770546334
167;2021-12-01;3533.3333333333335;Salary;DE1214240064168770546334
168;2021-11-01;3533.3333333333335;Salary;DE1214240064168770546334
169;2021-10-01;3533.3333333333335;Salary;DE1214240064168770546334
170;2021-09-01;3533.3333333333335;Salary;DE1214240064168770546334
171;2021-08-01;3533.3333333333335;Salary;DE1214240064168770546334
172;2021-07-01;3533.3333333333335;Salary;DE1214240064168770546334
173;2021-06-01;3533.3333333333335;Salary;DE1214240064168770546334
174;2021-05-01;3533.3333333333335;Salary;DE1214240064168770546334
175;2021-04-01;3533.3333333333335;Salary;DE1214240064168770546334
176;2021-03-01;3533.3333333333335;Salary;DE1214240064168770546334
177;2021-02-01;3533.3333333333335;Salary;DE1214240064168770546334
178;2021-01-01;3533.3333333333335;Salary;DE1214240064168770546334
179;2020-12-01;3533.3333333333335;Salary;DE1214240064168770546334
180;2020-11-01;3533.3333333333335;Salary;DE1214240064168770546334
181;2020-10-01;3533.3333333333335;Salary;DE1214240064168770546334
182;2020-09-01;3533.3333333333335;Salary;DE1214240064168770546334
183;2020-08-01;3533.3333333333335;Salary;DE1214240064168770546334
184;2020-07-01;3533.3333333333335;Salary;DE1214240064168770546334
185;2020-06-01;3533.3333333333335;Salary;DE1214240064168770546334
186;2020-05-01;3533.3333333333335;Salary;DE1214240064168770546334
187;2020-04-01;3533.3333333333335;Salary;DE1214240064168770546334
188;2020-03-01;3533.3333333333335;Salary;DE1214240064168770546334
189;2020-02-01;3533.3333333333335;Salary;DE1214240064168770546334
190;2020-01-01;3533.3333333333335;Salary;DE1214240064168770546334
191;2019-12-01;3533.3333333333335;Salary;DE1214240064168770546334
192;2019-11-01;3533.3333333333335;Salary;DE1214240064168770546334
193;2019-10-01;3533.3333333333335;Salary;DE1214240064168770546334
194;2019-09-01;3533.3333333333335;Salary;DE1214240064168770546334
195;2019-08-01;3533.3333333333335;Salary;DE1214240064168770546334
196;2019-07-01;3533.3333333333335;Salary;DE1214240064168770546334
197;2019-06-01;3533.3333333333335;Salary;DE1214240064168770546334
198;2019-05-01;3533.3333333333335;Salary;DE1214240064168770546334
199;2019-04-01;3533.3333333333335;Salary;DE1214240064168770546334
200;2019-03-01;3533.3333333333335;Salary;DE1214240064168770546334
201;2019-02-01;3533.3333333333335;Salary;DE1214240064168770546334
202;2019-01-01;3533.3333333333335;Salary;DE1214240064168770546334
203;2018-12-01;3533.3333333333335;Salary;DE1214240064168770546334
204;2018-11-01;3533.3333333333335;Salary;DE1214240064168770546334
205;2018-10-01;3533.3333333333335;Salary;DE1214240064168770546334
206;2018-09-01;3533.3333333333335;Salary;DE1214240064168770546334
207;2018-08-01;3533.3333333333335;Salary;DE1214240064168770546334
208;2018-07-01;3533.3333333333335;Salary;DE1214240064168770546334
209;2018-06-01;3533.3333333333335;Salary;DE1214240064168770546334
210;2018-05-01;3533.3333333333335;Salary;DE1214240064168770546334
211;2018-04-01;3533.3333333333335;Salary;DE1214240064168770546334
212;2018-03-01;3533.3333333333335;Salary;DE1214240064168770546334
213;2018-02-01;3533.3333333333335;Salary;DE1214240064168770546334
214;2018-01-01;3533.3333333333335;Salary;DE1214240064168770546334
215;2017-12-01;3533.3333333333335;Salary;DE1214240064168770546334
216;2023-11-01;4250.0;Salary;DE7214715146912305488487
217;2023-10-01;4250.0;Salary;DE7214715146912305488487
218;2023-09-01;4250.0;Salary;DE7214715146912305488487
219;2023-08-01;4250.0;Salary;DE7214715146912305488487
220;2023-07-01;4250.0;Salary;DE7214715146912305488487
221;2023-06-01;4250.0;Salary;DE7214715146912305488487
222;2023-05-01;4250.0;Salary;DE7214715146912305488487
223;2023-04-01;4250.0;Salary;DE7214715146912305488487
224;2023-03-01;4250.0;Salary;DE7214715146912305488487
225;2023-02-01;4250.0;Salary;DE7214715146912305488487
226;2023-01-01;4250.0;Salary;DE7214715146912305488487
227;2022-12-01;4250.0;Salary;DE7214715146912305488487
228;2022-11-01;4250.0;Salary;DE7214715146912305488487
229;2022-10-01;4250.0;Salary;DE7214715146912305488487
230;2022-09-01;4250.0;Salary;DE7214715146912305488487
231;2022-08-01;4250.0;Salary;DE7214715146912305488487
232;2022-07-01;4250.0;Salary;DE7214715146912305488487
233;2022-06-01;4250.0;Salary;DE7214715146912305488487
234;2022-05-01;4250.0;Salary;DE7214715146912305488487
235;2022-04-01;4250.0;Salary;DE7214715146912305488487
236;2022-03-01;4250.0;Salary;DE7214715146912305488487
237;2022-02-01;4250.0;Salary;DE7214715146912305488487
238;2022-01-01;4250.0;Salary;DE7214715146912305488487
239;2021-12-01;4250.0;Salary;DE7214715146912305488487
240;2021-11-01;4250.0;Salary;DE7214715146912305488487
241;2021-10-01;4250.0;Salary;DE7214715146912305488487
242;2021-09-01;4250.0;Salary;DE7214715146912305488487
243;2021-08-01;4250.0;Salary;DE7214715146912305488487
244;2021-07-01;4250.0;Salary;DE7214715146912305488487
245;2021-06-01;4250.0;Salary;DE7214715146912305488487
246;2021-05-01;4250.0;Salary;DE7214715146912305488487
247;2021-04-01;4250.0;Salary;DE7214715146912305488487
248;2021-03-01;4250.0;Salary;DE7214715146912305488487
249;2021-02-01;4250.0;Salary;DE7214715146912305488487
250;2021-01-01;4250.0;Salary;DE7214715146912305488487
251;2020-12-01;4250.0;Salary;DE7214715146912305488487
252;2020-11-01;4250.0;Salary;DE7214715146912305488487
253;2020-10-01;4250.0;Salary;DE7214715146912305488487
254;2020-09-01;4250.0;Salary;DE7214715146912305488487
255;2020-08-01;4250.0;Salary;DE7214715146912305488487
256;2020-07-01;4250.0;Salary;DE7214715146912305488487
257;2020-06-01;4250.0;Salary;DE7214715146912305488487
258;2020-05-01;4250.0;Salary;DE7214715146912305488487
259;2020-04-01;4250.0;Salary;DE7214715146912305488487
260;2020-03-01;4250.0;Salary;DE7214715146912305488487
261;2020-02-01;4250.0;Salary;DE7214715146912305488487
262;2020-01-01;4250.0;Salary;DE7214715146912305488487
263;2019-12-01;4250.0;Salary;DE7214715146912305488487
264;2019-11-01;4250.0;Salary;DE7214715146912305488487
265;2019-10-01;4250.0;Salary;DE7214715146912305488487
266;2019-09-01;4250.0;Salary;DE7214715146912305488487
267;2019-08-01;4250.0;Salary;DE7214715146912305488487
268;2019-07-01;4250.0;Salary;DE7214715146912305488487
269;2019-06-01;4250.0;Salary;DE7214715146912305488487
270;2019-05-01;4250.0;Salary;DE7214715146912305488487
271;2019-04-01;4250.0;Salary;DE7214715146912305488487
272;2019-03-01;4250.0;Salary;DE7214715146912305488487
273;2019-02-01;4250.0;Salary;DE7214715146912305488487
274;2019-01-01;4250.0;Salary;DE7214715146912305488487
275;2018-12-01;4250.0;Salary;DE7214715146912305488487
276;2018-11-01;4250.0;Salary;DE7214715146912305488487
277;2018-10-01;4250.0;Salary;DE7214715146912305488487
278;2018-09-01;4250.0;Salary;DE7214715146912305488487
279;2018-08-01;4250.0;Salary;DE7214715146912305488487
280;2018-07-01;4250.0;Salary;DE7214715146912305488487
281;2018-06-01;4250.0;Salary;DE7214715146912305488487
282;2018-05-01;4250.0;Salary;DE7214715146912305488487
283;2018-04-01;4250.0;Salary;DE7214715146912305488487
284;2018-03-01;4250.0;Salary;DE7214715146912305488487
285;2018-02-01;4250.0;Salary;DE7214715146912305488487
286;2018-01-01;4250.0;Salary;DE7214715146912305488487
287;2017-12-01;4250.0;Salary;DE7214715146912305488487
288;2023-11-01;5100.0;Salary;DE1732192456253929177055
289;2023-10-01;5100.0;Salary;DE1732192456253929177055
290;2023-09-01;5100.0;Salary;DE1732192456253929177055
291;2023-08-01;5100.0;Salary;DE1732192456253929177055
292;2023-07-01;5100.0;Salary;DE1732192456253929177055
293;2023-06-01;5100.0;Salary;DE1732192456253929177055
294;2023-05-01;5100.0;Salary;DE1732192456253929177055
295;2023-04-01;5100.0;Salary;DE1732192456253929177055
296;2023-03-01;5100.0;Salary;DE1732192456253929177055
297;2023-02-01;5100.0;Salary;DE1732192456253929177055
298;2023-01-01;5100.0;Salary;DE1732192456253929177055
299;2022-12-01;5100.0;Salary;DE1732192456253929177055
300;2022-11-01;5100.0;Salary;DE1732192456253929177055
301;2022-10-01;5100.0;Salary;DE1732192456253929177055
302;2022-09-01;5100.0;Salary;DE1732192456253929177055
303;2022-08-01;5100.0;Salary;DE1732192456253929177055
304;2022-07-01;5100.0;Salary;DE1732192456253929177055
305;2022-06-01;5100.0;Salary;DE1732192456253929177055
306;2022-05-01;5100.0;Salary;DE1732192456253929177055
307;2022-04-01;5100.0;Salary;DE1732192456253929177055
308;2022-03-01;5100.0;Salary;DE1732192456253929177055
309;2022-02-01;5100.0;Salary;DE1732192456253929177055
310;2022-01-01;5100.0;Salary;DE1732192456253929177055
311;2021-12-01;5100.0;Salary;DE1732192456253929177055
312;2021-11-01;5100.0;Salary;DE1732192456253929177055
313;2021-10-01;5100.0;Salary;DE1732192456253929177055
314;2021-09-01;5100.0;Salary;DE1732192456253929177055
315;2021-08-01;5100.0;Salary;DE1732192456253929177055
316;2021-07-01;5100.0;Salary;DE1732192456253929177055
317;2021-06-01;5100.0;Salary;DE1732192456253929177055
318;2021-05-01;5100.0;Salary;DE1732192456253929177055
319;2021-04-01;5100.0;Salary;DE1732192456253929177055
320;2021-03-01;5100.0;Salary;DE1732192456253929177055
321;2021-02-01;5100.0;Salary;DE1732192456253929177055
322;2021-01-01;5100.0;Salary;DE1732192456253929177055
323;2020-12-01;5100.0;Salary;DE1732192456253929177055
324;2020-11-01;5100.0;Salary;DE1732192456253929177055
325;2020-10-01;5100.0;Salary;DE1732192456253929177055
326;2020-09-01;5100.0;Salary;DE1732192456253929177055
327;2020-08-01;5100.0;Salary;DE1732192456253929177055
328;2020-07-01;5100.0;Salary;DE1732192456253929177055
329;2020-06-01;5100.0;Salary;DE1732192456253929177055
330;2020-05-01;5100.0;Salary;DE1732192456253929177055
331;2020-04-01;5100.0;Salary;DE1732192456253929177055
332;2020-03-01;5100.0;Salary;DE1732192456253929177055
333;2020-02-01;5100.0;Salary;DE1732192456253929177055
334;2020-01-01;5100.0;Salary;DE1732192456253929177055
335;2019-12-01;5100.0;Salary;DE1732192456253929177055
336;2019-11-01;5100.0;Salary;DE1732192456253929177055
337;2019-10-01;5100.0;Salary;DE1732192456253929177055
338;2019-09-01;5100.0;Salary;DE1732192456253929177055
339;2019-08-01;5100.0;Salary;DE1732192456253929177055
340;2019-07-01;5100.0;Salary;DE1732192456253929177055
341;2019-06-01;5100.0;Salary;DE1732192456253929177055
342;2019-05-01;5100.0;Salary;DE1732192456253929177055
343;2019-04-01;5100.0;Salary;DE1732192456253929177055
344;2019-03-01;5100.0;Salary;DE1732192456253929177055
345;2019-02-01;5100.0;Salary;DE1732192456253929177055
346;2019-01-01;5100.0;Salary;DE1732192456253929177055
347;2018-12-01;5100.0;Salary;DE1732192456253929177055
348;2018-11-01;5100.0;Salary;DE1732192456253929177055
349;2018-10-01;5100.0;Salary;DE1732192456253929177055
350;2018-09-01;5100.0;Salary;DE1732192456253929177055
351;2018-08-01;5100.0;Salary;DE1732192456253929177055
352;2018-07-01;5100.0;Salary;DE1732192456253929177055
353;2018-06-01;5100.0;Salary;DE1732192456253929177055
354;2018-05-01;5100.0;Salary;DE1732192456253929177055
355;2018-04-01;5100.0;Salary;DE1732192456253929177055
356;2018-03-01;5100.0;Salary;DE1732192456253929177055
357;2018-02-01;5100.0;Salary;DE1732192456253929177055
358;2018-01-01;5100.0;Salary;DE1732192456253929177055
359;2017-12-01;5100.0;Salary;DE1732192456253929177055
360;2023-11-01;1500.0;Rent;DE0126368106043419074915
361;2023-10-01;1500.0;Rent;DE0126368106043419074915
362;2023-09-01;1500.0;Rent;DE0126368106043419074915
363;2023-08-01;1500.0;Rent;DE0126368106043419074915
364;2023-07-01;1500.0;Rent;DE0126368106043419074915
365;2023-06-01;1500.0;Rent;DE0126368106043419074915
366;2023-05-01;1500.0;Rent;DE0126368106043419074915
367;2023-04-01;1500.0;Rent;DE0126368106043419074915
368;2023-03-01;1500.0;Rent;DE0126368106043419074915
369;2023-02-01;1500.0;Rent;DE0126368106043419074915
370;2023-01-01;1500.0;Rent;DE0126368106043419074915
371;2022-12-01;1500.0;Rent;DE0126368106043419074915
372;2022-11-01;1470.5882352941176;Rent;DE0126368106043419074915
373;2022-10-01;1470.5882352941176;Rent;DE0126368106043419074915
374;2022-09-01;1470.5882352941176;Rent;DE0126368106043419074915
375;2022-08-01;1470.5882352941176;Rent;DE0126368106043419074915
376;2022-07-01;1470.5882352941176;Rent;DE0126368106043419074915
377;2022-06-01;1470.5882352941176;Rent;DE0126368106043419074915
378;2022-05-01;1470.5882352941176;Rent;DE0126368106043419074915
379;2022-04-01;1470.5882352941176;Rent;DE0126368106043419074915
380;2022-03-01;1470.5882352941176;Rent;DE0126368106043419074915
381;2022-02-01;1470.5882352941176;Rent;DE0126368106043419074915
382;2022-01-01;1470.5882352941176;Rent;DE0126368106043419074915
383;2021-12-01;1470.5882352941176;Rent;DE0126368106043419074915
384;2021-11-01;1441.753171856978;Rent;DE0126368106043419074915
385;2021-10-01;1441.753171856978;Rent;DE0126368106043419074915
386;2021-09-01;1441.753171856978;Rent;DE0126368106043419074915
387;2021-08-01;1441.753171856978;Rent;DE0126368106043419074915
388;2021-07-01;1441.753171856978;Rent;DE0126368106043419074915
389;2021-06-01;1441.753171856978;Rent;DE0126368106043419074915
390;2021-05-01;1441.753171856978;Rent;DE0126368106043419074915
391;2021-04-01;1441.753171856978;Rent;DE0126368106043419074915
392;2021-03-01;1441.753171856978;Rent;DE0126368106043419074915
393;2021-02-01;1441.753171856978;Rent;DE0126368106043419074915
394;2021-01-01;1441.753171856978;Rent;DE0126368106043419074915
395;2020-12-01;1441.753171856978;Rent;DE0126368106043419074915
396;2020-11-01;1413.4835018205665;Rent;DE0126368106043419074915
397;2020-10-01;1413.4835018205665;Rent;DE0126368106043419074915
398;2020-09-01;1413.4835018205665;Rent;DE0126368106043419074915
399;2020-08-01;1413.4835018205665;Rent;DE0126368106043419074915
400;2020-07-01;1413.4835018205665;Rent;DE0126368106043419074915
401;2020-06-01;1413.4835018205665;Rent;DE0126368106043419074915
402;2020-05-01;1413.4835018205665;Rent;DE0126368106043419074915
403;2020-04-01;1413.4835018205665;Rent;DE0126368106043419074915
404;2020-03-01;1413.4835018205665;Rent;DE0126368106043419074915
405;2020-02-01;1413.4835018205665;Rent;DE0126368106043419074915
406;2020-01-01;1413.4835018205665;Rent;DE0126368106043419074915
407;2019-12-01;1413.4835018205665;Rent;DE0126368106043419074915
408;2019-11-01;1385.7681390397713;Rent;DE0126368106043419074915
409;2019-10-01;1385.7681390397713;Rent;DE0126368106043419074915
410;2019-09-01;1385.7681390397713;Rent;DE0126368106043419074915
411;2019-08-01;1385.7681390397713;Rent;DE0126368106043419074915
412;2019-07-01;1385.7681390397713;Rent;DE0126368106043419074915
413;2019-06-01;1385.7681390397713;Rent;DE0126368106043419074915
414;2019-05-01;1385.7681390397713;Rent;DE0126368106043419074915
415;2019-04-01;1385.7681390397713;Rent;DE0126368106043419074915
416;2019-03-01;1385.7681390397713;Rent;DE0126368106043419074915
417;2019-02-01;1385.7681390397713;Rent;DE0126368106043419074915
418;2019-01-01;1385.7681390397713;Rent;DE0126368106043419074915
419;2018-12-01;1385.7681390397713;Rent;DE0126368106043419074915
420;2018-11-01;1358.5962147448738;Rent;DE0126368106043419074915
421;2018-10-01;1358.5962147448738;Rent;DE0126368106043419074915
422;2018-09-01;1358.5962147448738;Rent;DE0126368106043419074915
423;2018-08-01;1358.5962147448738;Rent;DE0126368106043419074915
424;2018-07-01;1358.5962147448738;Rent;DE0126368106043419074915
425;2018-06-01;1358.5962147448738;Rent;DE0126368106043419074915
426;2018-05-01;1358.5962147448738;Rent;DE0126368106043419074915
427;2018-04-01;1358.5962147448738;Rent;DE0126368106043419074915
428;2018-03-01;1358.5962147448738;Rent;DE0126368106043419074915
429;2018-02-01;1358.5962147448738;Rent;DE0126368106043419074915
430;2018-01-01;1358.5962147448738;Rent;DE0126368106043419074915
431;2017-12-01;1358.5962147448738;Rent;DE0126368106043419074915
432;2023-11-01;250.0;Utilities;DE1902535638696121458964
433;2023-10-01;250.0;Utilities;DE1902535638696121458964
434;2023-09-01;250.0;Utilities;DE1902535638696121458964
435;2023-08-01;250.0;Utilities;DE1902535638696121458964
436;2023-07-01;250.0;Utilities;DE1902535638696121458964
437;2023-06-01;250.0;Utilities;DE1902535638696121458964
438;2023-05-01;250.0;Utilities;DE1902535638696121458964
439;2023-04-01;250.0;Utilities;DE1902535638696121458964
440;2023-03-01;250.0;Utilities;DE1902535638696121458964
441;2023-02-01;250.0;Utilities;DE1902535638696121458964
442;2023-01-01;250.0;Utilities;DE1902535638696121458964
443;2022-12-01;250.0;Utilities;DE1902535638696121458964
444;2022-11-01;245.09803921568627;Utilities;DE1902535638696121458964
445;2022-10-01;245.09803921568627;Utilities;DE1902535638696121458964
446;2022-09-01;245.09803921568627;Utilities;DE1902535638696121458964
447;2022-08-01;245.09803921568627;Utilities;DE1902535638696121458964
448;2022-07-01;245.09803921568627;Utilities;DE1902535638696121458964
449;2022-06-01;245.09803921568627;Utilities;DE1902535638696121458964
450;2022-05-01;245.09803921568627;Utilities;DE1902535638696121458964
451;2022-04-01;245.09803921568627;Utilities;DE1902535638696121458964
452;2022-03-01;245.09803921568627;Utilities;DE1902535638696121458964
453;2022-02-01;245.09803921568627;Utilities;DE1902535638696121458964
454;2022-01-01;245.09803921568627;Utilities;DE1902535638696121458964
455;2021-12-01;245.09803921568627;Utilities;DE1902535638696121458964
456;2021-11-01;240.29219530949635;Utilities;DE1902535638696121458964
457;2021-10-01;240.29219530949635;Utilities;DE1902535638696121458964
458;2021-09-01;240.29219530949635;Utilities;DE1902535638696121458964
459;2021-08-01;240.29219530949635;Utilities;DE1902535638696121458964
460;2021-07-01;240.29219530949635;Utilities;DE1902535638696121458964
461;2021-06-01;240.29219530949635;Utilities;DE1902535638696121458964
462;2021-05-01;240.29219530949635;Utilities;DE1902535638696121458964
463;2021-04-01;240.29219530949635;Utilities;DE1902535638696121458964
464;2021-03-01;240.29219530949635;Utilities;DE1902535638696121458964
465;2021-02-01;240.29219530949635;Utilities;DE1902535638696121458964
466;2021-01-01;240.29219530949635;Utilities;DE1902535638696121458964
467;2020-12-01;240.29219530949635;Utilities;DE1902535638696121458964
468;2020-11-01;235.5805836367611;Utilities;DE1902535638696121458964
469;2020-10-01;235.5805836367611;Utilities;DE1902535638696121458964
470;2020-09-01;235.5805836367611;Utilities;DE1902535638696121458964
471;2020-08-01;235.5805836367611;Utilities;DE1902535638696121458964
472;2020-07-01;235.5805836367611;Utilities;DE1902535638696121458964
473;2020-06-01;235.5805836367611;Utilities;DE1902535638696121458964
474;2020-05-01;235.5805836367611;Utilities;DE1902535638696121458964
475;2020-04-01;235.5805836367611;Utilities;DE1902535638696121458964
476;2020-03-01;235.5805836367611;Utilities;DE1902535638696121458964
477;2020-02-01;235.5805836367611;Utilities;DE1902535638696121458964
478;2020-01-01;235.5805836367611;Utilities;DE1902535638696121458964
479;2019-12-01;235.5805836367611;Utilities;DE1902535638696121458964
480;2019-11-01;230.96135650662856;Utilities;DE1902535638696121458964
481;2019-10-01;230.96135650662856;Utilities;DE1902535638696121458964
482;2019-09-01;230.96135650662856;Utilities;DE1902535638696121458964
483;2019-08-01;230.96135650662856;Utilities;DE1902535638696121458964
484;2019-07-01;230.96135650662856;Utilities;DE1902535638696121458964
485;2019-06-01;230.96135650662856;Utilities;DE1902535638696121458964
486;2019-05-01;230.96135650662856;Utilities;DE1902535638696121458964
487;2019-04-01;230.96135650662856;Utilities;DE1902535638696121458964
488;2019-03-01;230.96135650662856;Utilities;DE1902535638696121458964
489;2019-02-01;230.96135650662856;Utilities;DE1902535638696121458964
490;2019-01-01;230.96135650662856;Utilities;DE1902535638696121458964
491;2018-12-01;230.96135650662856;Utilities;DE1902535638696121458964
492;2018-11-01;226.43270245747897;Utilities;DE1902535638696121458964
493;2018-10-01;226.43270245747897;Utilities;DE1902535638696121458964
494;2018-09-01;226.43270245747897;Utilities;DE1902535638696121458964
495;2018-08-01;226.43270245747897;Utilities;DE1902535638696121458964
496;2018-07-01;226.43270245747897;Utilities;DE1902535638696121458964
497;2018-06-01;226.43270245747897;Utilities;DE1902535638696121458964
498;2018-05-01;226.43270245747897;Utilities;DE1902535638696121458964
499;2018-04-01;226.43270245747897;Utilities;DE1902535638696121458964
500;2018-03-01;226.43270245747897;Utilities;DE1902535638696121458964
501;2018-02-01;226.43270245747897;Utilities;DE1902535638696121458964
502;2018-01-01;226.43270245747897;Utilities;DE1902535638696121458964
503;2017-12-01;226.43270245747897;Utilities;DE1902535638696121458964
504;2023-11-01;100.0;Equipment and Supplies;DE8107208637814254581118
505;2023-10-01;100.0;Equipment and Supplies;DE8107208637814254581118
506;2023-09-01;100.0;Equipment and Supplies;DE8107208637814254581118
507;2023-08-01;100.0;Equipment and Supplies;DE8107208637814254581118
508;2023-07-01;100.0;Equipment and Supplies;DE8107208637814254581118
509;2023-06-01;100.0;Equipment and Supplies;DE8107208637814254581118
510;2023-05-01;100.0;Equipment and Supplies;DE8107208637814254581118
511;2023-04-01;100.0;Equipment and Supplies;DE8107208637814254581118
512;2023-03-01;100.0;Equipment and Supplies;DE8107208637814254581118
513;2023-02-01;100.0;Equipment and Supplies;DE8107208637814254581118
514;2023-01-01;100.0;Equipment and Supplies;DE8107208637814254581118
515;2022-12-01;100.0;Equipment and Supplies;DE8107208637814254581118
516;2022-11-01;98.0392156862745;Equipment and Supplies;DE8107208637814254581118
517;2022-10-01;98.0392156862745;Equipment and Supplies;DE8107208637814254581118
518;2022-09-01;98.0392156862745;Equipment and Supplies;DE8107208637814254581118
519;2022-08-01;98.0392156862745;Equipment and Supplies;DE8107208637814254581118
520;2022-07-01;98.0392156862745;Equipment and Supplies;DE8107208637814254581118
521;2022-06-01;98.0392156862745;Equipment and Supplies;DE8107208637814254581118
522;2022-05-01;98.0392156862745;Equipment and Supplies;DE8107208637814254581118
523;2022-04-01;98.0392156862745;Equipment and Supplies;DE8107208637814254581118
524;2022-03-01;98.0392156862745;Equipment and Supplies;DE8107208637814254581118
525;2022-02-01;98.0392156862745;Equipment and Supplies;DE8107208637814254581118
526;2022-01-01;98.0392156862745;Equipment and Supplies;DE8107208637814254581118
527;2021-12-01;98.0392156862745;Equipment and Supplies;DE8107208637814254581118
528;2021-11-01;96.11687812379854;Equipment and Supplies;DE8107208637814254581118
529;2021-10-01;96.11687812379854;Equipment and Supplies;DE8107208637814254581118
530;2021-09-01;96.11687812379854;Equipment and Supplies;DE8107208637814254581118
531;2021-08-01;96.11687812379854;Equipment and Supplies;DE8107208637814254581118
532;2021-07-01;96.11687812379854;Equipment and Supplies;DE8107208637814254581118
533;2021-06-01;96.11687812379854;Equipment and Supplies;DE8107208637814254581118
534;2021-05-01;96.11687812379854;Equipment and Supplies;DE8107208637814254581118
535;2021-04-01;96.11687812379854;Equipment and Supplies;DE8107208637814254581118
536;2021-03-01;96.11687812379854;Equipment and Supplies;DE8107208637814254581118
537;2021-02-01;96.11687812379854;Equipment and Supplies;DE8107208637814254581118
538;2021-01-01;96.11687812379854;Equipment and Supplies;DE8107208637814254581118
539;2020-12-01;96.11687812379854;Equipment and Supplies;DE8107208637814254581118
540;2020-11-01;94.23223345470444;Equipment and Supplies;DE8107208637814254581118
541;2020-10-01;94.23223345470444;Equipment and Supplies;DE8107208637814254581118
542;2020-09-01;94.23223345470444;Equipment and Supplies;DE8107208637814254581118
543;2020-08-01;94.23223345470444;Equipment and Supplies;DE8107208637814254581118
544;2020-07-01;94.23223345470444;Equipment and Supplies;DE8107208637814254581118
545;2020-06-01;94.23223345470444;Equipment and Supplies;DE8107208637814254581118
546;2020-05-01;94.23223345470444;Equipment and Supplies;DE8107208637814254581118
547;2020-04-01;94.23223345470444;Equipment and Supplies;DE8107208637814254581118
548;2020-03-01;94.23223345470444;Equipment and Supplies;DE8107208637814254581118
549;2020-02-01;94.23223345470444;Equipment and Supplies;DE8107208637814254581118
550;2020-01-01;94.23223345470444;Equipment and Supplies;DE8107208637814254581118
551;2019-12-01;94.23223345470444;Equipment and Supplies;DE8107208637814254581118
552;2019-11-01;92.38454260265142;Equipment and Supplies;DE8107208637814254581118
553;2019-10-01;92.38454260265142;Equipment and Supplies;DE8107208637814254581118
554;2019-09-01;92.38454260265142;Equipment and Supplies;DE8107208637814254581118
555;2019-08-01;92.38454260265142;Equipment and Supplies;DE8107208637814254581118
556;2019-07-01;92.38454260265142;Equipment and Supplies;DE8107208637814254581118
557;2019-06-01;92.38454260265142;Equipment and Supplies;DE8107208637814254581118
558;2019-05-01;92.38454260265142;Equipment and Supplies;DE8107208637814254581118
559;2019-04-01;92.38454260265142;Equipment and Supplies;DE8107208637814254581118
560;2019-03-01;92.38454260265142;Equipment and Supplies;DE8107208637814254581118
561;2019-02-01;92.38454260265142;Equipment and Supplies;DE8107208637814254581118
562;2019-01-01;92.38454260265142;Equipment and Supplies;DE8107208637814254581118
563;2018-12-01;92.38454260265142;Equipment and Supplies;DE8107208637814254581118
564;2018-11-01;90.57308098299158;Equipment and Supplies;DE8107208637814254581118
565;2018-10-01;90.57308098299158;Equipment and Supplies;DE8107208637814254581118
566;2018-09-01;90.57308098299158;Equipment and Supplies;DE8107208637814254581118
567;2018-08-01;90.57308098299158;Equipment and Supplies;DE8107208637814254581118
568;2018-07-01;90.57308098299158;Equipment and Supplies;DE8107208637814254581118
569;2018-06-01;90.57308098299158;Equipment and Supplies;DE8107208637814254581118
570;2018-05-01;90.57308098299158;Equipment and Supplies;DE8107208637814254581118
571;2018-04-01;90.57308098299158;Equipment and Supplies;DE8107208637814254581118
572;2018-03-01;90.57308098299158;Equipment and Supplies;DE8107208637814254581118
573;2018-02-01;90.57308098299158;Equipment and Supplies;DE8107208637814254581118
574;2018-01-01;90.57308098299158;Equipment and Supplies;DE8107208637814254581118
575;2017-12-01;90.57308098299158;Equipment and Supplies;DE8107208637814254581118
576;2023-11-01;800.0;Taxes;DE4956709562516875962078
577;2023-10-01;800.0;Taxes;DE4956709562516875962078
578;2023-09-01;800.0;Taxes;DE4956709562516875962078
579;2023-08-01;800.0;Taxes;DE4956709562516875962078
580;2023-07-01;800.0;Taxes;DE4956709562516875962078
581;2023-06-01;800.0;Taxes;DE4956709562516875962078
582;2023-05-01;800.0;Taxes;DE4956709562516875962078
583;2023-04-01;800.0;Taxes;DE4956709562516875962078
584;2023-03-01;800.0;Taxes;DE4956709562516875962078
585;2023-02-01;800.0;Taxes;DE4956709562516875962078
586;2023-01-01;800.0;Taxes;DE4956709562516875962078
587;2022-12-01;800.0;Taxes;DE4956709562516875962078
588;2022-11-01;784.313725490196;Taxes;DE4956709562516875962078
589;2022-10-01;784.313725490196;Taxes;DE4956709562516875962078
590;2022-09-01;784.313725490196;Taxes;DE4956709562516875962078
591;2022-08-01;784.313725490196;Taxes;DE4956709562516875962078
592;2022-07-01;784.313725490196;Taxes;DE4956709562516875962078
593;2022-06-01;784.313725490196;Taxes;DE4956709562516875962078
594;2022-05-01;784.313725490196;Taxes;DE4956709562516875962078
595;2022-04-01;784.313725490196;Taxes;DE4956709562516875962078
596;2022-03-01;784.313725490196;Taxes;DE4956709562516875962078
597;2022-02-01;784.313725490196;Taxes;DE4956709562516875962078
598;2022-01-01;784.313725490196;Taxes;DE4956709562516875962078
599;2021-12-01;784.313725490196;Taxes;DE4956709562516875962078
600;2021-11-01;768.9350249903883;Taxes;DE4956709562516875962078
601;2021-10-01;768.9350249903883;Taxes;DE4956709562516875962078
602;2021-09-01;768.9350249903883;Taxes;DE4956709562516875962078
603;2021-08-01;768.9350249903883;Taxes;DE4956709562516875962078
604;2021-07-01;768.9350249903883;Taxes;DE4956709562516875962078
605;2021-06-01;768.9350249903883;Taxes;DE4956709562516875962078
606;2021-05-01;768.9350249903883;Taxes;DE4956709562516875962078
607;2021-04-01;768.9350249903883;Taxes;DE4956709562516875962078
608;2021-03-01;768.9350249903883;Taxes;DE4956709562516875962078
609;2021-02-01;768.9350249903883;Taxes;DE4956709562516875962078
610;2021-01-01;768.9350249903883;Taxes;DE4956709562516875962078
611;2020-12-01;768.9350249903883;Taxes;DE4956709562516875962078
612;2020-11-01;753.8578676376355;Taxes;DE4956709562516875962078
613;2020-10-01;753.8578676376355;Taxes;DE4956709562516875962078
614;2020-09-01;753.8578676376355;Taxes;DE4956709562516875962078
615;2020-08-01;753.8578676376355;Taxes;DE4956709562516875962078
616;2020-07-01;753.8578676376355;Taxes;DE4956709562516875962078
617;2020-06-01;753.8578676376355;Taxes;DE4956709562516875962078
618;2020-05-01;753.8578676376355;Taxes;DE4956709562516875962078
619;2020-04-01;753.8578676376355;Taxes;DE4956709562516875962078
620;2020-03-01;753.8578676376355;Taxes;DE4956709562516875962078
621;2020-02-01;753.8578676376355;Taxes;DE4956709562516875962078
622;2020-01-01;753.8578676376355;Taxes;DE4956709562516875962078
623;2019-12-01;753.8578676376355;Taxes;DE4956709562516875962078
624;2019-11-01;739.0763408212114;Taxes;DE4956709562516875962078
625;2019-10-01;739.0763408212114;Taxes;DE4956709562516875962078
626;2019-09-01;739.0763408212114;Taxes;DE4956709562516875962078
627;2019-08-01;739.0763408212114;Taxes;DE4956709562516875962078
628;2019-07-01;739.0763408212114;Taxes;DE4956709562516875962078
629;2019-06-01;739.0763408212114;Taxes;DE4956709562516875962078
630;2019-05-01;739.0763408212114;Taxes;DE4956709562516875962078
631;2019-04-01;739.0763408212114;Taxes;DE4956709562516875962078
632;2019-03-01;739.0763408212114;Taxes;DE4956709562516875962078
633;2019-02-01;739.0763408212114;Taxes;DE4956709562516875962078
634;2019-01-01;739.0763408212114;Taxes;DE4956709562516875962078
635;2018-12-01;739.0763408212114;Taxes;DE4956709562516875962078
636;2018-11-01;724.5846478639327;Taxes;DE4956709562516875962078
637;2018-10-01;724.5846478639327;Taxes;DE4956709562516875962078
638;2018-09-01;724.5846478639327;Taxes;DE4956709562516875962078
639;2018-08-01;724.5846478639327;Taxes;DE4956709562516875962078
640;2018-07-01;724.5846478639327;Taxes;DE4956709562516875962078
641;2018-06-01;724.5846478639327;Taxes;DE4956709562516875962078
642;2018-05-01;724.5846478639327;Taxes;DE4956709562516875962078
643;2018-04-01;724.5846478639327;Taxes;DE4956709562516875962078
644;2018-03-01;724.5846478639327;Taxes;DE4956709562516875962078
645;2018-02-01;724.5846478639327;Taxes;DE4956709562516875962078
646;2018-01-01;724.5846478639327;Taxes;DE4956709562516875962078
647;2017-12-01;724.5846478639327;Taxes;DE4956709562516875962078
648;2023-11-01;300.0;Insurance;DE8198450324966109227959
649;2023-10-01;300.0;Insurance;DE8198450324966109227959
650;2023-09-01;300.0;Insurance;DE8198450324966109227959
651;2023-08-01;300.0;Insurance;DE8198450324966109227959
652;2023-07-01;300.0;Insurance;DE8198450324966109227959
653;2023-06-01;300.0;Insurance;DE8198450324966109227959
654;2023-05-01;300.0;Insurance;DE8198450324966109227959
655;2023-04-01;300.0;Insurance;DE8198450324966109227959
656;2023-03-01;300.0;Insurance;DE8198450324966109227959
657;2023-02-01;300.0;Insurance;DE8198450324966109227959
658;2023-01-01;300.0;Insurance;DE8198450324966109227959
659;2022-12-01;300.0;Insurance;DE8198450324966109227959
660;2022-11-01;294.11764705882354;Insurance;DE8198450324966109227959
661;2022-10-01;294.11764705882354;Insurance;DE8198450324966109227959
662;2022-09-01;294.11764705882354;Insurance;DE8198450324966109227959
663;2022-08-01;294.11764705882354;Insurance;DE8198450324966109227959
664;2022-07-01;294.11764705882354;Insurance;DE8198450324966109227959
665;2022-06-01;294.11764705882354;Insurance;DE8198450324966109227959
666;2022-05-01;294.11764705882354;Insurance;DE8198450324966109227959
667;2022-04-01;294.11764705882354;Insurance;DE8198450324966109227959
668;2022-03-01;294.11764705882354;Insurance;DE8198450324966109227959
669;2022-02-01;294.11764705882354;Insurance;DE8198450324966109227959
670;2022-01-01;294.11764705882354;Insurance;DE8198450324966109227959
671;2021-12-01;294.11764705882354;Insurance;DE8198450324966109227959
672;2021-11-01;288.35063437139564;Insurance;DE8198450324966109227959
673;2021-10-01;288.35063437139564;Insurance;DE8198450324966109227959
674;2021-09-01;288.35063437139564;Insurance;DE8198450324966109227959
675;2021-08-01;288.35063437139564;Insurance;DE8198450324966109227959
676;2021-07-01;288.35063437139564;Insurance;DE8198450324966109227959
677;2021-06-01;288.35063437139564;Insurance;DE8198450324966109227959
678;2021-05-01;288.35063437139564;Insurance;DE8198450324966109227959
679;2021-04-01;288.35063437139564;Insurance;DE8198450324966109227959
680;2021-03-01;288.35063437139564;Insurance;DE8198450324966109227959
681;2021-02-01;288.35063437139564;Insurance;DE8198450324966109227959
682;2021-01-01;288.35063437139564;Insurance;DE8198450324966109227959
683;2020-12-01;288.35063437139564;Insurance;DE8198450324966109227959
684;2020-11-01;282.6967003641133;Insurance;DE8198450324966109227959
685;2020-10-01;282.6967003641133;Insurance;DE8198450324966109227959
686;2020-09-01;282.6967003641133;Insurance;DE8198450324966109227959
687;2020-08-01;282.6967003641133;Insurance;DE8198450324966109227959
688;2020-07-01;282.6967003641133;Insurance;DE8198450324966109227959
689;2020-06-01;282.6967003641133;Insurance;DE8198450324966109227959
690;2020-05-01;282.6967003641133;Insurance;DE8198450324966109227959
691;2020-04-01;282.6967003641133;Insurance;DE8198450324966109227959
692;2020-03-01;282.6967003641133;Insurance;DE8198450324966109227959
693;2020-02-01;282.6967003641133;Insurance;DE8198450324966109227959
694;2020-01-01;282.6967003641133;Insurance;DE8198450324966109227959
695;2019-12-01;282.6967003641133;Insurance;DE8198450324966109227959
696;2019-11-01;277.15362780795425;Insurance;DE8198450324966109227959
697;2019-10-01;277.15362780795425;Insurance;DE8198450324966109227959
698;2019-09-01;277.15362780795425;Insurance;DE8198450324966109227959
699;2019-08-01;277.15362780795425;Insurance;DE8198450324966109227959
700;2019-07-01;277.15362780795425;Insurance;DE8198450324966109227959
701;2019-06-01;277.15362780795425;Insurance;DE8198450324966109227959
702;2019-05-01;277.15362780795425;Insurance;DE8198450324966109227959
703;2019-04-01;277.15362780795425;Insurance;DE8198450324966109227959
704;2019-03-01;277.15362780795425;Insurance;DE8198450324966109227959
705;2019-02-01;277.15362780795425;Insurance;DE8198450324966109227959
706;2019-01-01;277.15362780795425;Insurance;DE8198450324966109227959
707;2018-12-01;277.15362780795425;Insurance;DE8198450324966109227959
708;2018-11-01;271.71924294897474;Insurance;DE8198450324966109227959
709;2018-10-01;271.71924294897474;Insurance;DE8198450324966109227959
710;2018-09-01;271.71924294897474;Insurance;DE8198450324966109227959
711;2018-08-01;271.71924294897474;Insurance;DE8198450324966109227959
712;2018-07-01;271.71924294897474;Insurance;DE8198450324966109227959
713;2018-06-01;271.71924294897474;Insurance;DE8198450324966109227959
714;2018-05-01;271.71924294897474;Insurance;DE8198450324966109227959
715;2018-04-01;271.71924294897474;Insurance;DE8198450324966109227959
716;2018-03-01;271.71924294897474;Insurance;DE8198450324966109227959
717;2018-02-01;271.71924294897474;Insurance;DE8198450324966109227959
718;2018-01-01;271.71924294897474;Insurance;DE8198450324966109227959
719;2017-12-01;271.71924294897474;Insurance;DE8198450324966109227959
720;2023-11-01;500.0;Marketing and Advertising;DE6889593815210951830277
721;2023-10-01;500.0;Marketing and Advertising;DE6889593815210951830277
722;2023-09-01;500.0;Marketing and Advertising;DE6889593815210951830277
723;2023-08-01;500.0;Marketing and Advertising;DE6889593815210951830277
724;2023-07-01;500.0;Marketing and Advertising;DE6889593815210951830277
725;2023-06-01;500.0;Marketing and Advertising;DE6889593815210951830277
726;2023-05-01;500.0;Marketing and Advertising;DE6889593815210951830277
727;2023-04-01;500.0;Marketing and Advertising;DE6889593815210951830277
728;2023-03-01;500.0;Marketing and Advertising;DE6889593815210951830277
729;2023-02-01;500.0;Marketing and Advertising;DE6889593815210951830277
730;2023-01-01;500.0;Marketing and Advertising;DE6889593815210951830277
731;2022-12-01;500.0;Marketing and Advertising;DE6889593815210951830277
732;2022-11-01;490.19607843137254;Marketing and Advertising;DE6889593815210951830277
733;2022-10-01;490.19607843137254;Marketing and Advertising;DE6889593815210951830277
734;2022-09-01;490.19607843137254;Marketing and Advertising;DE6889593815210951830277
735;2022-08-01;490.19607843137254;Marketing and Advertising;DE6889593815210951830277
736;2022-07-01;490.19607843137254;Marketing and Advertising;DE6889593815210951830277
737;2022-06-01;490.19607843137254;Marketing and Advertising;DE6889593815210951830277
738;2022-05-01;490.19607843137254;Marketing and Advertising;DE6889593815210951830277
739;2022-04-01;490.19607843137254;Marketing and Advertising;DE6889593815210951830277
740;2022-03-01;490.19607843137254;Marketing and Advertising;DE6889593815210951830277
741;2022-02-01;490.19607843137254;Marketing and Advertising;DE6889593815210951830277
742;2022-01-01;490.19607843137254;Marketing and Advertising;DE6889593815210951830277
743;2021-12-01;490.19607843137254;Marketing and Advertising;DE6889593815210951830277
744;2021-11-01;480.5843906189927;Marketing and Advertising;DE6889593815210951830277
745;2021-10-01;480.5843906189927;Marketing and Advertising;DE6889593815210951830277
746;2021-09-01;480.5843906189927;Marketing and Advertising;DE6889593815210951830277
747;2021-08-01;480.5843906189927;Marketing and Advertising;DE6889593815210951830277
748;2021-07-01;480.5843906189927;Marketing and Advertising;DE6889593815210951830277
749;2021-06-01;480.5843906189927;Marketing and Advertising;DE6889593815210951830277
750;2021-05-01;480.5843906189927;Marketing and Advertising;DE6889593815210951830277
751;2021-04-01;480.5843906189927;Marketing and Advertising;DE6889593815210951830277
752;2021-03-01;480.5843906189927;Marketing and Advertising;DE6889593815210951830277
753;2021-02-01;480.5843906189927;Marketing and Advertising;DE6889593815210951830277
754;2021-01-01;480.5843906189927;Marketing and Advertising;DE6889593815210951830277
755;2020-12-01;480.5843906189927;Marketing and Advertising;DE6889593815210951830277
756;2020-11-01;471.1611672735222;Marketing and Advertising;DE6889593815210951830277
757;2020-10-01;471.1611672735222;Marketing and Advertising;DE6889593815210951830277
758;2020-09-01;471.1611672735222;Marketing and Advertising;DE6889593815210951830277
759;2020-08-01;471.1611672735222;Marketing and Advertising;DE6889593815210951830277
760;2020-07-01;471.1611672735222;Marketing and Advertising;DE6889593815210951830277
761;2020-06-01;471.1611672735222;Marketing and Advertising;DE6889593815210951830277
762;2020-05-01;471.1611672735222;Marketing and Advertising;DE6889593815210951830277
763;2020-04-01;471.1611672735222;Marketing and Advertising;DE6889593815210951830277
764;2020-03-01;471.1611672735222;Marketing and Advertising;DE6889593815210951830277
765;2020-02-01;471.1611672735222;Marketing and Advertising;DE6889593815210951830277
766;2020-01-01;471.1611672735222;Marketing and Advertising;DE6889593815210951830277
767;2019-12-01;471.1611672735222;Marketing and Advertising;DE6889593815210951830277
768;2019-11-01;461.9227130132571;Marketing and Advertising;DE6889593815210951830277
769;2019-10-01;461.9227130132571;Marketing and Advertising;DE6889593815210951830277
770;2019-09-01;461.9227130132571;Marketing and Advertising;DE6889593815210951830277
771;2019-08-01;461.9227130132571;Marketing and Advertising;DE6889593815210951830277
772;2019-07-01;461.9227130132571;Marketing and Advertising;DE6889593815210951830277
773;2019-06-01;461.9227130132571;Marketing and Advertising;DE6889593815210951830277
774;2019-05-01;461.9227130132571;Marketing and Advertising;DE6889593815210951830277
775;2019-04-01;461.9227130132571;Marketing and Advertising;DE6889593815210951830277
776;2019-03-01;461.9227130132571;Marketing and Advertising;DE6889593815210951830277
777;2019-02-01;461.9227130132571;Marketing and Advertising;DE6889593815210951830277
778;2019-01-01;461.9227130132571;Marketing and Advertising;DE6889593815210951830277
779;2018-12-01;461.9227130132571;Marketing and Advertising;DE6889593815210951830277
780;2018-11-01;452.86540491495794;Marketing and Advertising;DE6889593815210951830277
781;2018-10-01;452.86540491495794;Marketing and Advertising;DE6889593815210951830277
782;2018-09-01;452.86540491495794;Marketing and Advertising;DE6889593815210951830277
783;2018-08-01;452.86540491495794;Marketing and Advertising;DE6889593815210951830277
784;2018-07-01;452.86540491495794;Marketing and Advertising;DE6889593815210951830277
785;2018-06-01;452.86540491495794;Marketing and Advertising;DE6889593815210951830277
786;2018-05-01;452.86540491495794;Marketing and Advertising;DE6889593815210951830277
787;2018-04-01;452.86540491495794;Marketing and Advertising;DE6889593815210951830277
788;2018-03-01;452.86540491495794;Marketing and Advertising;DE6889593815210951830277
789;2018-02-01;452.86540491495794;Marketing and Advertising;DE6889593815210951830277
790;2018-01-01;452.86540491495794;Marketing and Advertising;DE6889593815210951830277
791;2017-12-01;452.86540491495794;Marketing and Advertising;DE6889593815210951830277
792;2023-11-01;400.0;Accounting and Legal Fees;DE0223192986337476274610
793;2023-10-01;400.0;Accounting and Legal Fees;DE0223192986337476274610
794;2023-09-01;400.0;Accounting and Legal Fees;DE0223192986337476274610
795;2023-08-01;400.0;Accounting and Legal Fees;DE0223192986337476274610
796;2023-07-01;400.0;Accounting and Legal Fees;DE0223192986337476274610
797;2023-06-01;400.0;Accounting and Legal Fees;DE0223192986337476274610
798;2023-05-01;400.0;Accounting and Legal Fees;DE0223192986337476274610
799;2023-04-01;400.0;Accounting and Legal Fees;DE0223192986337476274610
800;2023-03-01;400.0;Accounting and Legal Fees;DE0223192986337476274610
801;2023-02-01;400.0;Accounting and Legal Fees;DE0223192986337476274610
802;2023-01-01;400.0;Accounting and Legal Fees;DE0223192986337476274610
803;2022-12-01;400.0;Accounting and Legal Fees;DE0223192986337476274610
804;2022-11-01;392.156862745098;Accounting and Legal Fees;DE0223192986337476274610
805;2022-10-01;392.156862745098;Accounting and Legal Fees;DE0223192986337476274610
806;2022-09-01;392.156862745098;Accounting and Legal Fees;DE0223192986337476274610
807;2022-08-01;392.156862745098;Accounting and Legal Fees;DE0223192986337476274610
808;2022-07-01;392.156862745098;Accounting and Legal Fees;DE0223192986337476274610
809;2022-06-01;392.156862745098;Accounting and Legal Fees;DE0223192986337476274610
810;2022-05-01;392.156862745098;Accounting and Legal Fees;DE0223192986337476274610
811;2022-04-01;392.156862745098;Accounting and Legal Fees;DE0223192986337476274610
812;2022-03-01;392.156862745098;Accounting and Legal Fees;DE0223192986337476274610
813;2022-02-01;392.156862745098;Accounting and Legal Fees;DE0223192986337476274610
814;2022-01-01;392.156862745098;Accounting and Legal Fees;DE0223192986337476274610
815;2021-12-01;392.156862745098;Accounting and Legal Fees;DE0223192986337476274610
816;2021-11-01;384.46751249519417;Accounting and Legal Fees;DE0223192986337476274610
817;2021-10-01;384.46751249519417;Accounting and Legal Fees;DE0223192986337476274610
818;2021-09-01;384.46751249519417;Accounting and Legal Fees;DE0223192986337476274610
819;2021-08-01;384.46751249519417;Accounting and Legal Fees;DE0223192986337476274610
820;2021-07-01;384.46751249519417;Accounting and Legal Fees;DE0223192986337476274610
821;2021-06-01;384.46751249519417;Accounting and Legal Fees;DE0223192986337476274610
822;2021-05-01;384.46751249519417;Accounting and Legal Fees;DE0223192986337476274610
823;2021-04-01;384.46751249519417;Accounting and Legal Fees;DE0223192986337476274610
824;2021-03-01;384.46751249519417;Accounting and Legal Fees;DE0223192986337476274610
825;2021-02-01;384.46751249519417;Accounting and Legal Fees;DE0223192986337476274610
826;2021-01-01;384.46751249519417;Accounting and Legal Fees;DE0223192986337476274610
827;2020-12-01;384.46751249519417;Accounting and Legal Fees;DE0223192986337476274610
828;2020-11-01;376.92893381881777;Accounting and Legal Fees;DE0223192986337476274610
829;2020-10-01;376.92893381881777;Accounting and Legal Fees;DE0223192986337476274610
830;2020-09-01;376.92893381881777;Accounting and Legal Fees;DE0223192986337476274610
831;2020-08-01;376.92893381881777;Accounting and Legal Fees;DE0223192986337476274610
832;2020-07-01;376.92893381881777;Accounting and Legal Fees;DE0223192986337476274610
833;2020-06-01;376.92893381881777;Accounting and Legal Fees;DE0223192986337476274610
834;2020-05-01;376.92893381881777;Accounting and Legal Fees;DE0223192986337476274610
835;2020-04-01;376.92893381881777;Accounting and Legal Fees;DE0223192986337476274610
836;2020-03-01;376.92893381881777;Accounting and Legal Fees;DE0223192986337476274610
837;2020-02-01;376.92893381881777;Accounting and Legal Fees;DE0223192986337476274610
838;2020-01-01;376.92893381881777;Accounting and Legal Fees;DE0223192986337476274610
839;2019-12-01;376.92893381881777;Accounting and Legal Fees;DE0223192986337476274610
840;2019-11-01;369.5381704106057;Accounting and Legal Fees;DE0223192986337476274610
841;2019-10-01;369.5381704106057;Accounting and Legal Fees;DE0223192986337476274610
842;2019-09-01;369.5381704106057;Accounting and Legal Fees;DE0223192986337476274610
843;2019-08-01;369.5381704106057;Accounting and Legal Fees;DE0223192986337476274610
844;2019-07-01;369.5381704106057;Accounting and Legal Fees;DE0223192986337476274610
845;2019-06-01;369.5381704106057;Accounting and Legal Fees;DE0223192986337476274610
846;2019-05-01;369.5381704106057;Accounting and Legal Fees;DE0223192986337476274610
847;2019-04-01;369.5381704106057;Accounting and Legal Fees;DE0223192986337476274610
848;2019-03-01;369.5381704106057;Accounting and Legal Fees;DE0223192986337476274610
849;2019-02-01;369.5381704106057;Accounting and Legal Fees;DE0223192986337476274610
850;2019-01-01;369.5381704106057;Accounting and Legal Fees;DE0223192986337476274610
851;2018-12-01;369.5381704106057;Accounting and Legal Fees;DE0223192986337476274610
852;2018-11-01;362.29232393196634;Accounting and Legal Fees;DE0223192986337476274610
853;2018-10-01;362.29232393196634;Accounting and Legal Fees;DE0223192986337476274610
854;2018-09-01;362.29232393196634;Accounting and Legal Fees;DE0223192986337476274610
855;2018-08-01;362.29232393196634;Accounting and Legal Fees;DE0223192986337476274610
856;2018-07-01;362.29232393196634;Accounting and Legal Fees;DE0223192986337476274610
857;2018-06-01;362.29232393196634;Accounting and Legal Fees;DE0223192986337476274610
858;2018-05-01;362.29232393196634;Accounting and Legal Fees;DE0223192986337476274610
859;2018-04-01;362.29232393196634;Accounting and Legal Fees;DE0223192986337476274610
860;2018-03-01;362.29232393196634;Accounting and Legal Fees;DE0223192986337476274610
861;2018-02-01;362.29232393196634;Accounting and Legal Fees;DE0223192986337476274610
862;2018-01-01;362.29232393196634;Accounting and Legal Fees;DE0223192986337476274610
863;2017-12-01;362.29232393196634;Accounting and Legal Fees;DE0223192986337476274610
864;2023-11-01;150.0;Transportation;DE7424449787002333943608
865;2023-10-01;150.0;Transportation;DE7424449787002333943608
866;2023-09-01;150.0;Transportation;DE7424449787002333943608
867;2023-08-01;150.0;Transportation;DE7424449787002333943608
868;2023-07-01;150.0;Transportation;DE7424449787002333943608
869;2023-06-01;150.0;Transportation;DE7424449787002333943608
870;2023-05-01;150.0;Transportation;DE7424449787002333943608
871;2023-04-01;150.0;Transportation;DE7424449787002333943608
872;2023-03-01;150.0;Transportation;DE7424449787002333943608
873;2023-02-01;150.0;Transportation;DE7424449787002333943608
874;2023-01-01;150.0;Transportation;DE7424449787002333943608
875;2022-12-01;150.0;Transportation;DE7424449787002333943608
876;2022-11-01;147.05882352941177;Transportation;DE7424449787002333943608
877;2022-10-01;147.05882352941177;Transportation;DE7424449787002333943608
878;2022-09-01;147.05882352941177;Transportation;DE7424449787002333943608
879;2022-08-01;147.05882352941177;Transportation;DE7424449787002333943608
880;2022-07-01;147.05882352941177;Transportation;DE7424449787002333943608
881;2022-06-01;147.05882352941177;Transportation;DE7424449787002333943608
882;2022-05-01;147.05882352941177;Transportation;DE7424449787002333943608
883;2022-04-01;147.05882352941177;Transportation;DE7424449787002333943608
884;2022-03-01;147.05882352941177;Transportation;DE7424449787002333943608
885;2022-02-01;147.05882352941177;Transportation;DE7424449787002333943608
886;2022-01-01;147.05882352941177;Transportation;DE7424449787002333943608
887;2021-12-01;147.05882352941177;Transportation;DE7424449787002333943608
888;2021-11-01;144.17531718569782;Transportation;DE7424449787002333943608
889;2021-10-01;144.17531718569782;Transportation;DE7424449787002333943608
890;2021-09-01;144.17531718569782;Transportation;DE7424449787002333943608
891;2021-08-01;144.17531718569782;Transportation;DE7424449787002333943608
892;2021-07-01;144.17531718569782;Transportation;DE7424449787002333943608
893;2021-06-01;144.17531718569782;Transportation;DE7424449787002333943608
894;2021-05-01;144.17531718569782;Transportation;DE7424449787002333943608
895;2021-04-01;144.17531718569782;Transportation;DE7424449787002333943608
896;2021-03-01;144.17531718569782;Transportation;DE7424449787002333943608
897;2021-02-01;144.17531718569782;Transportation;DE7424449787002333943608
898;2021-01-01;144.17531718569782;Transportation;DE7424449787002333943608
899;2020-12-01;144.17531718569782;Transportation;DE7424449787002333943608
900;2020-11-01;141.34835018205666;Transportation;DE7424449787002333943608
901;2020-10-01;141.34835018205666;Transportation;DE7424449787002333943608
902;2020-09-01;141.34835018205666;Transportation;DE7424449787002333943608
903;2020-08-01;141.34835018205666;Transportation;DE7424449787002333943608
904;2020-07-01;141.34835018205666;Transportation;DE7424449787002333943608
905;2020-06-01;141.34835018205666;Transportation;DE7424449787002333943608
906;2020-05-01;141.34835018205666;Transportation;DE7424449787002333943608
907;2020-04-01;141.34835018205666;Transportation;DE7424449787002333943608
908;2020-03-01;141.34835018205666;Transportation;DE7424449787002333943608
909;2020-02-01;141.34835018205666;Transportation;DE7424449787002333943608
910;2020-01-01;141.34835018205666;Transportation;DE7424449787002333943608
911;2019-12-01;141.34835018205666;Transportation;DE7424449787002333943608
912;2019-11-01;138.57681390397713;Transportation;DE7424449787002333943608
913;2019-10-01;138.57681390397713;Transportation;DE7424449787002333943608
914;2019-09-01;138.57681390397713;Transportation;DE7424449787002333943608
915;2019-08-01;138.57681390397713;Transportation;DE7424449787002333943608
916;2019-07-01;138.57681390397713;Transportation;DE7424449787002333943608
917;2019-06-01;138.57681390397713;Transportation;DE7424449787002333943608
918;2019-05-01;138.57681390397713;Transportation;DE7424449787002333943608
919;2019-04-01;138.57681390397713;Transportation;DE7424449787002333943608
920;2019-03-01;138.57681390397713;Transportation;DE7424449787002333943608
921;2019-02-01;138.57681390397713;Transportation;DE7424449787002333943608
922;2019-01-01;138.57681390397713;Transportation;DE7424449787002333943608
923;2018-12-01;138.57681390397713;Transportation;DE7424449787002333943608
924;2018-11-01;135.85962147448737;Transportation;DE7424449787002333943608
925;2018-10-01;135.85962147448737;Transportation;DE7424449787002333943608
926;2018-09-01;135.85962147448737;Transportation;DE7424449787002333943608
927;2018-08-01;135.85962147448737;Transportation;DE7424449787002333943608
928;2018-07-01;135.85962147448737;Transportation;DE7424449787002333943608
929;2018-06-01;135.85962147448737;Transportation;DE7424449787002333943608
930;2018-05-01;135.85962147448737;Transportation;DE7424449787002333943608
931;2018-04-01;135.85962147448737;Transportation;DE7424449787002333943608
932;2018-03-01;135.85962147448737;Transportation;DE7424449787002333943608
933;2018-02-01;135.85962147448737;Transportation;DE7424449787002333943608
934;2018-01-01;135.85962147448737;Transportation;DE7424449787002333943608
935;2017-12-01;135.85962147448737;Transportation;DE7424449787002333943608
936;2023-11-01;200.0;Miscellaneous Expenses;DE2883254021888305570974
937;2023-10-01;200.0;Miscellaneous Expenses;DE2883254021888305570974
938;2023-09-01;200.0;Miscellaneous Expenses;DE2883254021888305570974
939;2023-08-01;200.0;Miscellaneous Expenses;DE2883254021888305570974
940;2023-07-01;200.0;Miscellaneous Expenses;DE2883254021888305570974
941;2023-06-01;200.0;Miscellaneous Expenses;DE2883254021888305570974
942;2023-05-01;200.0;Miscellaneous Expenses;DE2883254021888305570974
943;2023-04-01;200.0;Miscellaneous Expenses;DE2883254021888305570974
944;2023-03-01;200.0;Miscellaneous Expenses;DE2883254021888305570974
945;2023-02-01;200.0;Miscellaneous Expenses;DE2883254021888305570974
946;2023-01-01;200.0;Miscellaneous Expenses;DE2883254021888305570974
947;2022-12-01;200.0;Miscellaneous Expenses;DE2883254021888305570974
948;2022-11-01;196.078431372549;Miscellaneous Expenses;DE2883254021888305570974
949;2022-10-01;196.078431372549;Miscellaneous Expenses;DE2883254021888305570974
950;2022-09-01;196.078431372549;Miscellaneous Expenses;DE2883254021888305570974
951;2022-08-01;196.078431372549;Miscellaneous Expenses;DE2883254021888305570974
952;2022-07-01;196.078431372549;Miscellaneous Expenses;DE2883254021888305570974
953;2022-06-01;196.078431372549;Miscellaneous Expenses;DE2883254021888305570974
954;2022-05-01;196.078431372549;Miscellaneous Expenses;DE2883254021888305570974
955;2022-04-01;196.078431372549;Miscellaneous Expenses;DE2883254021888305570974
956;2022-03-01;196.078431372549;Miscellaneous Expenses;DE2883254021888305570974
957;2022-02-01;196.078431372549;Miscellaneous Expenses;DE2883254021888305570974
958;2022-01-01;196.078431372549;Miscellaneous Expenses;DE2883254021888305570974
959;2021-12-01;196.078431372549;Miscellaneous Expenses;DE2883254021888305570974
960;2021-11-01;192.23375624759709;Miscellaneous Expenses;DE2883254021888305570974
961;2021-10-01;192.23375624759709;Miscellaneous Expenses;DE2883254021888305570974
962;2021-09-01;192.23375624759709;Miscellaneous Expenses;DE2883254021888305570974
963;2021-08-01;192.23375624759709;Miscellaneous Expenses;DE2883254021888305570974
964;2021-07-01;192.23375624759709;Miscellaneous Expenses;DE2883254021888305570974
965;2021-06-01;192.23375624759709;Miscellaneous Expenses;DE2883254021888305570974
966;2021-05-01;192.23375624759709;Miscellaneous Expenses;DE2883254021888305570974
967;2021-04-01;192.23375624759709;Miscellaneous Expenses;DE2883254021888305570974
968;2021-03-01;192.23375624759709;Miscellaneous Expenses;DE2883254021888305570974
969;2021-02-01;192.23375624759709;Miscellaneous Expenses;DE2883254021888305570974
970;2021-01-01;192.23375624759709;Miscellaneous Expenses;DE2883254021888305570974
971;2020-12-01;192.23375624759709;Miscellaneous Expenses;DE2883254021888305570974
972;2020-11-01;188.46446690940888;Miscellaneous Expenses;DE2883254021888305570974
973;2020-10-01;188.46446690940888;Miscellaneous Expenses;DE2883254021888305570974
974;2020-09-01;188.46446690940888;Miscellaneous Expenses;DE2883254021888305570974
975;2020-08-01;188.46446690940888;Miscellaneous Expenses;DE2883254021888305570974
976;2020-07-01;188.46446690940888;Miscellaneous Expenses;DE2883254021888305570974
977;2020-06-01;188.46446690940888;Miscellaneous Expenses;DE2883254021888305570974
978;2020-05-01;188.46446690940888;Miscellaneous Expenses;DE2883254021888305570974
979;2020-04-01;188.46446690940888;Miscellaneous Expenses;DE2883254021888305570974
980;2020-03-01;188.46446690940888;Miscellaneous Expenses;DE2883254021888305570974
981;2020-02-01;188.46446690940888;Miscellaneous Expenses;DE2883254021888305570974
982;2020-01-01;188.46446690940888;Miscellaneous Expenses;DE2883254021888305570974
983;2019-12-01;188.46446690940888;Miscellaneous Expenses;DE2883254021888305570974
984;2019-11-01;184.76908520530284;Miscellaneous Expenses;DE2883254021888305570974
985;2019-10-01;184.76908520530284;Miscellaneous Expenses;DE2883254021888305570974
986;2019-09-01;184.76908520530284;Miscellaneous Expenses;DE2883254021888305570974
987;2019-08-01;184.76908520530284;Miscellaneous Expenses;DE2883254021888305570974
988;2019-07-01;184.76908520530284;Miscellaneous Expenses;DE2883254021888305570974
989;2019-06-01;184.76908520530284;Miscellaneous Expenses;DE2883254021888305570974
990;2019-05-01;184.76908520530284;Miscellaneous Expenses;DE2883254021888305570974
991;2019-04-01;184.76908520530284;Miscellaneous Expenses;DE2883254021888305570974
992;2019-03-01;184.76908520530284;Miscellaneous Expenses;DE2883254021888305570974
993;2019-02-01;184.76908520530284;Miscellaneous Expenses;DE2883254021888305570974
994;2019-01-01;184.76908520530284;Miscellaneous Expenses;DE2883254021888305570974
995;2018-12-01;184.76908520530284;Miscellaneous Expenses;DE2883254021888305570974
996;2018-11-01;181.14616196598317;Miscellaneous Expenses;DE2883254021888305570974
997;2018-10-01;181.14616196598317;Miscellaneous Expenses;DE2883254021888305570974
998;2018-09-01;181.14616196598317;Miscellaneous Expenses;DE2883254021888305570974
999;2018-08-01;181.14616196598317;Miscellaneous Expenses;DE2883254021888305570974
1000;2018-07-01;181.14616196598317;Miscellaneous Expenses;DE2883254021888305570974
1001;2018-06-01;181.14616196598317;Miscellaneous Expenses;DE2883254021888305570974
1002;2018-05-01;181.14616196598317;Miscellaneous Expenses;DE2883254021888305570974
1003;2018-04-01;181.14616196598317;Miscellaneous Expenses;DE2883254021888305570974
1004;2018-03-01;181.14616196598317;Miscellaneous Expenses;DE2883254021888305570974
1005;2018-02-01;181.14616196598317;Miscellaneous Expenses;DE2883254021888305570974
1006;2018-01-01;181.14616196598317;Miscellaneous Expenses;DE2883254021888305570974
1007;2017-12-01;181.14616196598317;Miscellaneous Expenses;DE2883254021888305570974
1008;2023-11-01;300.0;Software and Technology;DE5981393192018229897017
1009;2023-10-01;300.0;Software and Technology;DE5981393192018229897017
1010;2023-09-01;300.0;Software and Technology;DE5981393192018229897017
1011;2023-08-01;300.0;Software and Technology;DE5981393192018229897017
1012;2023-07-01;300.0;Software and Technology;DE5981393192018229897017
1013;2023-06-01;300.0;Software and Technology;DE5981393192018229897017
1014;2023-05-01;300.0;Software and Technology;DE5981393192018229897017
1015;2023-04-01;300.0;Software and Technology;DE5981393192018229897017
1016;2023-03-01;300.0;Software and Technology;DE5981393192018229897017
1017;2023-02-01;300.0;Software and Technology;DE5981393192018229897017
1018;2023-01-01;300.0;Software and Technology;DE5981393192018229897017
1019;2022-12-01;300.0;Software and Technology;DE5981393192018229897017
1020;2022-11-01;294.11764705882354;Software and Technology;DE5981393192018229897017
1021;2022-10-01;294.11764705882354;Software and Technology;DE5981393192018229897017
1022;2022-09-01;294.11764705882354;Software and Technology;DE5981393192018229897017
1023;2022-08-01;294.11764705882354;Software and Technology;DE5981393192018229897017
1024;2022-07-01;294.11764705882354;Software and Technology;DE5981393192018229897017
1025;2022-06-01;294.11764705882354;Software and Technology;DE5981393192018229897017
1026;2022-05-01;294.11764705882354;Software and Technology;DE5981393192018229897017
1027;2022-04-01;294.11764705882354;Software and Technology;DE5981393192018229897017
1028;2022-03-01;294.11764705882354;Software and Technology;DE5981393192018229897017
1029;2022-02-01;294.11764705882354;Software and Technology;DE5981393192018229897017
1030;2022-01-01;294.11764705882354;Software and Technology;DE5981393192018229897017
1031;2021-12-01;294.11764705882354;Software and Technology;DE5981393192018229897017
1032;2021-11-01;288.35063437139564;Software and Technology;DE5981393192018229897017
1033;2021-10-01;288.35063437139564;Software and Technology;DE5981393192018229897017
1034;2021-09-01;288.35063437139564;Software and Technology;DE5981393192018229897017
1035;2021-08-01;288.35063437139564;Software and Technology;DE5981393192018229897017
1036;2021-07-01;288.35063437139564;Software and Technology;DE5981393192018229897017
1037;2021-06-01;288.35063437139564;Software and Technology;DE5981393192018229897017
1038;2021-05-01;288.35063437139564;Software and Technology;DE5981393192018229897017
1039;2021-04-01;288.35063437139564;Software and Technology;DE5981393192018229897017
1040;2021-03-01;288.35063437139564;Software and Technology;DE5981393192018229897017
1041;2021-02-01;288.35063437139564;Software and Technology;DE5981393192018229897017
1042;2021-01-01;288.35063437139564;Software and Technology;DE5981393192018229897017
1043;2020-12-01;288.35063437139564;Software and Technology;DE5981393192018229897017
1044;2020-11-01;282.6967003641133;Software and Technology;DE5981393192018229897017
1045;2020-10-01;282.6967003641133;Software and Technology;DE5981393192018229897017
1046;2020-09-01;282.6967003641133;Software and Technology;DE5981393192018229897017
1047;2020-08-01;282.6967003641133;Software and Technology;DE5981393192018229897017
1048;2020-07-01;282.6967003641133;Software and Technology;DE5981393192018229897017
1049;2020-06-01;282.6967003641133;Software and Technology;DE5981393192018229897017
1050;2020-05-01;282.6967003641133;Software and Technology;DE5981393192018229897017
1051;2020-04-01;282.6967003641133;Software and Technology;DE5981393192018229897017
1052;2020-03-01;282.6967003641133;Software and Technology;DE5981393192018229897017
1053;2020-02-01;282.6967003641133;Software and Technology;DE5981393192018229897017
1054;2020-01-01;282.6967003641133;Software and Technology;DE5981393192018229897017
1055;2019-12-01;282.6967003641133;Software and Technology;DE5981393192018229897017
1056;2019-11-01;277.15362780795425;Software and Technology;DE5981393192018229897017
1057;2019-10-01;277.15362780795425;Software and Technology;DE5981393192018229897017
1058;2019-09-01;277.15362780795425;Software and Technology;DE5981393192018229897017
1059;2019-08-01;277.15362780795425;Software and Technology;DE5981393192018229897017
1060;2019-07-01;277.15362780795425;Software and Technology;DE5981393192018229897017
1061;2019-06-01;277.15362780795425;Software and Technology;DE5981393192018229897017
1062;2019-05-01;277.15362780795425;Software and Technology;DE5981393192018229897017
1063;2019-04-01;277.15362780795425;Software and Technology;DE5981393192018229897017
1064;2019-03-01;277.15362780795425;Software and Technology;DE5981393192018229897017
1065;2019-02-01;277.15362780795425;Software and Technology;DE5981393192018229897017
1066;2019-01-01;277.15362780795425;Software and Technology;DE5981393192018229897017
1067;2018-12-01;277.15362780795425;Software and Technology;DE5981393192018229897017
1068;2018-11-01;271.71924294897474;Software and Technology;DE5981393192018229897017
1069;2018-10-01;271.71924294897474;Software and Technology;DE5981393192018229897017
1070;2018-09-01;271.71924294897474;Software and Technology;DE5981393192018229897017
1071;2018-08-01;271.71924294897474;Software and Technology;DE5981393192018229897017
1072;2018-07-01;271.71924294897474;Software and Technology;DE5981393192018229897017
1073;2018-06-01;271.71924294897474;Software and Technology;DE5981393192018229897017
1074;2018-05-01;271.71924294897474;Software and Technology;DE5981393192018229897017
1075;2018-04-01;271.71924294897474;Software and Technology;DE5981393192018229897017
1076;2018-03-01;271.71924294897474;Software and Technology;DE5981393192018229897017
1077;2018-02-01;271.71924294897474;Software and Technology;DE5981393192018229897017
1078;2018-01-01;271.71924294897474;Software and Technology;DE5981393192018229897017
1079;2017-12-01;271.71924294897474;Software and Technology;DE5981393192018229897017
1080;2023-11-01;250.0;Training and Development;DE3744970617320626553115
1081;2023-10-01;250.0;Training and Development;DE3744970617320626553115
1082;2023-09-01;250.0;Training and Development;DE3744970617320626553115
1083;2023-08-01;250.0;Training and Development;DE3744970617320626553115
1084;2023-07-01;250.0;Training and Development;DE3744970617320626553115
1085;2023-06-01;250.0;Training and Development;DE3744970617320626553115
1086;2023-05-01;250.0;Training and Development;DE3744970617320626553115
1087;2023-04-01;250.0;Training and Development;DE3744970617320626553115
1088;2023-03-01;250.0;Training and Development;DE3744970617320626553115
1089;2023-02-01;250.0;Training and Development;DE3744970617320626553115
1090;2023-01-01;250.0;Training and Development;DE3744970617320626553115
1091;2022-12-01;250.0;Training and Development;DE3744970617320626553115
1092;2022-11-01;245.09803921568627;Training and Development;DE3744970617320626553115
1093;2022-10-01;245.09803921568627;Training and Development;DE3744970617320626553115
1094;2022-09-01;245.09803921568627;Training and Development;DE3744970617320626553115
1095;2022-08-01;245.09803921568627;Training and Development;DE3744970617320626553115
1096;2022-07-01;245.09803921568627;Training and Development;DE3744970617320626553115
1097;2022-06-01;245.09803921568627;Training and Development;DE3744970617320626553115
1098;2022-05-01;245.09803921568627;Training and Development;DE3744970617320626553115
1099;2022-04-01;245.09803921568627;Training and Development;DE3744970617320626553115
1100;2022-03-01;245.09803921568627;Training and Development;DE3744970617320626553115
1101;2022-02-01;245.09803921568627;Training and Development;DE3744970617320626553115
1102;2022-01-01;245.09803921568627;Training and Development;DE3744970617320626553115
1103;2021-12-01;245.09803921568627;Training and Development;DE3744970617320626553115
1104;2021-11-01;240.29219530949635;Training and Development;DE3744970617320626553115
1105;2021-10-01;240.29219530949635;Training and Development;DE3744970617320626553115
1106;2021-09-01;240.29219530949635;Training and Development;DE3744970617320626553115
1107;2021-08-01;240.29219530949635;Training and Development;DE3744970617320626553115
1108;2021-07-01;240.29219530949635;Training and Development;DE3744970617320626553115
1109;2021-06-01;240.29219530949635;Training and Development;DE3744970617320626553115
1110;2021-05-01;240.29219530949635;Training and Development;DE3744970617320626553115
1111;2021-04-01;240.29219530949635;Training and Development;DE3744970617320626553115
1112;2021-03-01;240.29219530949635;Training and Development;DE3744970617320626553115
1113;2021-02-01;240.29219530949635;Training and Development;DE3744970617320626553115
1114;2021-01-01;240.29219530949635;Training and Development;DE3744970617320626553115
1115;2020-12-01;240.29219530949635;Training and Development;DE3744970617320626553115
1116;2020-11-01;235.5805836367611;Training and Development;DE3744970617320626553115
1117;2020-10-01;235.5805836367611;Training and Development;DE3744970617320626553115
1118;2020-09-01;235.5805836367611;Training and Development;DE3744970617320626553115
1119;2020-08-01;235.5805836367611;Training and Development;DE3744970617320626553115
1120;2020-07-01;235.5805836367611;Training and Development;DE3744970617320626553115
1121;2020-06-01;235.5805836367611;Training and Development;DE3744970617320626553115
1122;2020-05-01;235.5805836367611;Training and Development;DE3744970617320626553115
1123;2020-04-01;235.5805836367611;Training and Development;DE3744970617320626553115
1124;2020-03-01;235.5805836367611;Training and Development;DE3744970617320626553115
1125;2020-02-01;235.5805836367611;Training and Development;DE3744970617320626553115
1126;2020-01-01;235.5805836367611;Training and Development;DE3744970617320626553115
1127;2019-12-01;235.5805836367611;Training and Development;DE3744970617320626553115
1128;2019-11-01;230.96135650662856;Training and Development;DE3744970617320626553115
1129;2019-10-01;230.96135650662856;Training and Development;DE3744970617320626553115
1130;2019-09-01;230.96135650662856;Training and Development;DE3744970617320626553115
1131;2019-08-01;230.96135650662856;Training and Development;DE3744970617320626553115
1132;2019-07-01;230.96135650662856;Training and Development;DE3744970617320626553115
1133;2019-06-01;230.96135650662856;Training and Development;DE3744970617320626553115
1134;2019-05-01;230.96135650662856;Training and Development;DE3744970617320626553115
1135;2019-04-01;230.96135650662856;Training and Development;DE3744970617320626553115
1136;2019-03-01;230.96135650662856;Training and Development;DE3744970617320626553115
1137;2019-02-01;230.96135650662856;Training and Development;DE3744970617320626553115
1138;2019-01-01;230.96135650662856;Training and Development;DE3744970617320626553115
1139;2018-12-01;230.96135650662856;Training and Development;DE3744970617320626553115
1140;2018-11-01;226.43270245747897;Training and Development;DE3744970617320626553115
1141;2018-10-01;226.43270245747897;Training and Development;DE3744970617320626553115
1142;2018-09-01;226.43270245747897;Training and Development;DE3744970617320626553115
1143;2018-08-01;226.43270245747897;Training and Development;DE3744970617320626553115
1144;2018-07-01;226.43270245747897;Training and Development;DE3744970617320626553115
1145;2018-06-01;226.43270245747897;Training and Development;DE3744970617320626553115
1146;2018-05-01;226.43270245747897;Training and Development;DE3744970617320626553115
1147;2018-04-01;226.43270245747897;Training and Development;DE3744970617320626553115
1148;2018-03-01;226.43270245747897;Training and Development;DE3744970617320626553115
1149;2018-02-01;226.43270245747897;Training and Development;DE3744970617320626553115
1150;2018-01-01;226.43270245747897;Training and Development;DE3744970617320626553115
1151;2017-12-01;226.43270245747897;Training and Development;DE3744970617320626553115
1152;2023-11-01;500.0;Contingency and Growth Funds;DE6310414693626749991168
1153;2023-10-01;500.0;Contingency and Growth Funds;DE6310414693626749991168
1154;2023-09-01;500.0;Contingency and Growth Funds;DE6310414693626749991168
1155;2023-08-01;500.0;Contingency and Growth Funds;DE6310414693626749991168
1156;2023-07-01;500.0;Contingency and Growth Funds;DE6310414693626749991168
1157;2023-06-01;500.0;Contingency and Growth Funds;DE6310414693626749991168
1158;2023-05-01;500.0;Contingency and Growth Funds;DE6310414693626749991168
1159;2023-04-01;500.0;Contingency and Growth Funds;DE6310414693626749991168
1160;2023-03-01;500.0;Contingency and Growth Funds;DE6310414693626749991168
1161;2023-02-01;500.0;Contingency and Growth Funds;DE6310414693626749991168
1162;2023-01-01;500.0;Contingency and Growth Funds;DE6310414693626749991168
1163;2022-12-01;500.0;Contingency and Growth Funds;DE6310414693626749991168
1164;2022-11-01;490.19607843137254;Contingency and Growth Funds;DE6310414693626749991168
1165;2022-10-01;490.19607843137254;Contingency and Growth Funds;DE6310414693626749991168
1166;2022-09-01;490.19607843137254;Contingency and Growth Funds;DE6310414693626749991168
1167;2022-08-01;490.19607843137254;Contingency and Growth Funds;DE6310414693626749991168
1168;2022-07-01;490.19607843137254;Contingency and Growth Funds;DE6310414693626749991168
1169;2022-06-01;490.19607843137254;Contingency and Growth Funds;DE6310414693626749991168
1170;2022-05-01;490.19607843137254;Contingency and Growth Funds;DE6310414693626749991168
1171;2022-04-01;490.19607843137254;Contingency and Growth Funds;DE6310414693626749991168
1172;2022-03-01;490.19607843137254;Contingency and Growth Funds;DE6310414693626749991168
1173;2022-02-01;490.19607843137254;Contingency and Growth Funds;DE6310414693626749991168
1174;2022-01-01;490.19607843137254;Contingency and Growth Funds;DE6310414693626749991168
1175;2021-12-01;490.19607843137254;Contingency and Growth Funds;DE6310414693626749991168
1176;2021-11-01;480.5843906189927;Contingency and Growth Funds;DE6310414693626749991168
1177;2021-10-01;480.5843906189927;Contingency and Growth Funds;DE6310414693626749991168
1178;2021-09-01;480.5843906189927;Contingency and Growth Funds;DE6310414693626749991168
1179;2021-08-01;480.5843906189927;Contingency and Growth Funds;DE6310414693626749991168
1180;2021-07-01;480.5843906189927;Contingency and Growth Funds;DE6310414693626749991168
1181;2021-06-01;480.5843906189927;Contingency and Growth Funds;DE6310414693626749991168
1182;2021-05-01;480.5843906189927;Contingency and Growth Funds;DE6310414693626749991168
1183;2021-04-01;480.5843906189927;Contingency and Growth Funds;DE6310414693626749991168
1184;2021-03-01;480.5843906189927;Contingency and Growth Funds;DE6310414693626749991168
1185;2021-02-01;480.5843906189927;Contingency and Growth Funds;DE6310414693626749991168
1186;2021-01-01;480.5843906189927;Contingency and Growth Funds;DE6310414693626749991168
1187;2020-12-01;480.5843906189927;Contingency and Growth Funds;DE6310414693626749991168
1188;2020-11-01;471.1611672735222;Contingency and Growth Funds;DE6310414693626749991168
1189;2020-10-01;471.1611672735222;Contingency and Growth Funds;DE6310414693626749991168
1190;2020-09-01;471.1611672735222;Contingency and Growth Funds;DE6310414693626749991168
1191;2020-08-01;471.1611672735222;Contingency and Growth Funds;DE6310414693626749991168
1192;2020-07-01;471.1611672735222;Contingency and Growth Funds;DE6310414693626749991168
1193;2020-06-01;471.1611672735222;Contingency and Growth Funds;DE6310414693626749991168
1194;2020-05-01;471.1611672735222;Contingency and Growth Funds;DE6310414693626749991168
1195;2020-04-01;471.1611672735222;Contingency and Growth Funds;DE6310414693626749991168
1196;2020-03-01;471.1611672735222;Contingency and Growth Funds;DE6310414693626749991168
1197;2020-02-01;471.1611672735222;Contingency and Growth Funds;DE6310414693626749991168
1198;2020-01-01;471.1611672735222;Contingency and Growth Funds;DE6310414693626749991168
1199;2019-12-01;471.1611672735222;Contingency and Growth Funds;DE6310414693626749991168
1200;2019-11-01;461.9227130132571;Contingency and Growth Funds;DE6310414693626749991168
1201;2019-10-01;461.9227130132571;Contingency and Growth Funds;DE6310414693626749991168
1202;2019-09-01;461.9227130132571;Contingency and Growth Funds;DE6310414693626749991168
1203;2019-08-01;461.9227130132571;Contingency and Growth Funds;DE6310414693626749991168
1204;2019-07-01;461.9227130132571;Contingency and Growth Funds;DE6310414693626749991168
1205;2019-06-01;461.9227130132571;Contingency and Growth Funds;DE6310414693626749991168
1206;2019-05-01;461.9227130132571;Contingency and Growth Funds;DE6310414693626749991168
1207;2019-04-01;461.9227130132571;Contingency and Growth Funds;DE6310414693626749991168
1208;2019-03-01;461.9227130132571;Contingency and Growth Funds;DE6310414693626749991168
1209;2019-02-01;461.9227130132571;Contingency and Growth Funds;DE6310414693626749991168
1210;2019-01-01;461.9227130132571;Contingency and Growth Funds;DE6310414693626749991168
1211;2018-12-01;461.9227130132571;Contingency and Growth Funds;DE6310414693626749991168
1212;2018-11-01;452.86540491495794;Contingency and Growth Funds;DE6310414693626749991168
1213;2018-10-01;452.86540491495794;Contingency and Growth Funds;DE6310414693626749991168
1214;2018-09-01;452.86540491495794;Contingency and Growth Funds;DE6310414693626749991168
1215;2018-08-01;452.86540491495794;Contingency and Growth Funds;DE6310414693626749991168
1216;2018-07-01;452.86540491495794;Contingency and Growth Funds;DE6310414693626749991168
1217;2018-06-01;452.86540491495794;Contingency and Growth Funds;DE6310414693626749991168
1218;2018-05-01;452.86540491495794;Contingency and Growth Funds;DE6310414693626749991168
1219;2018-04-01;452.86540491495794;Contingency and Growth Funds;DE6310414693626749991168
1220;2018-03-01;452.86540491495794;Contingency and Growth Funds;DE6310414693626749991168
1221;2018-02-01;452.86540491495794;Contingency and Growth Funds;DE6310414693626749991168
1222;2018-01-01;452.86540491495794;Contingency and Growth Funds;DE6310414693626749991168
1223;2017-12-01;452.86540491495794;Contingency and Growth Funds;DE6310414693626749991168
